{"cameraMode":{"drawMode":0,"name":"Shaded","section":"Shading Mode"},"sceneLighting":true,"audioPlay":false,"sceneViewState":{"showFog":true,"showMaterialUpdate":false,"showSkybox":true,"showFlares":true,"showImageEffects":true,"showParticleSystems":true},"in2DMode":false,"pivot":{"x":831.5452880859375,"y":547.1173706054688,"z":0.0},"rotation":{"x":-0.0026900279335677625,"y":0.014995032921433449,"z":0.0000403348749387078,"w":0.9998856782913208},"size":94.6341552734375,"orthographic":false}